"company","company_name","job_title","location","day_posted","salary"
"","\n        Continuum Managed Services","Business Analyst","","save job",""
"","\n        Vizient, Inc.","Senior Consultant, Healthcare Supply Chain","","save job",""
"","\n        Infoways","""PL/SQL Developer""","","save job",""
"\n    \n        BNY Mellon","\n        BNY Mellon","Data Analyst I","Pittsburgh, PA","16 days ago",""
"\n    Robots and Pencils","","Business Analyst","Pittsburgh, PA","15 days ago",""
"\n    \n        Management Science Associates Inc.","\n        Management Science Associates Inc.","Data Analyst I","Pittsburgh, PA 15206 (Larimer area)","19 days ago",""
"\n    \n        General Electric","\n        General Electric","Data Scientist","Township of Findlay, PA","GE Careers ",""
"\n    \n        BNY Mellon","\n        BNY Mellon","Asset & Liability Mgmt Liquidity Analyst","Pittsburgh, PA","11 days ago",""
"\n    \n        BNY Mellon","\n        BNY Mellon","Sr Data Quality Analyst","Pittsburgh, PA","11 days ago",""
"\n    \n        Thermo Fisher Scientific","\n        Thermo Fisher Scientific","Sr Business Analyst, BI Reporting & Analysis","Pittsburgh, PA 15202","17 days ago",""
"\n    \n        Duquesne Light","\n        Duquesne Light","Process Analyst I","Pittsburgh, PA","30+ days ago",""
"\n    \n        Aetna","\n        Aetna","Lead Data Scientist - Healthcare","Pittsburgh, PA 15220","11 days ago",""
"\n    \n        Dick's Sporting Goods","\n        Dick's Sporting Goods","Systems Analyst- Planning Systems","Pittsburgh, PA","18 days ago",""
"","","Siebel EAI Developer","","3 days ago",""
"","","MDM Senior Consultant / Master Data Management / Enterprise...","","save job",""
"\n    \n        Aetna","\n        Aetna","Lead Data Scientist - Healthcare","Pittsburgh, PA 15220","11 days ago",""
"\n    \n        Dick's Sporting Goods","\n        Dick's Sporting Goods","Systems Analyst- Planning Systems","Pittsburgh, PA","18 days ago",""
"\n    \n        Continuum Managed Services, LLC","\n        Continuum Managed Services, LLC","Business Analyst","Township of Cranberry, PA","30+ days ago",""
"\n    \n        BNY Mellon","\n        BNY Mellon","Quantitative Risk Analyst","Pittsburgh, PA","18 days ago",""
"\n    Federated Investors, Inc.","","Business Data Analyst","Pittsburgh, PA","30+ days ago",""
"\n    \n        KeyLogic Systems","\n        KeyLogic Systems","Business Systems and Visualization Analyst","Pittsburgh, PA","22 days ago",""
"\n    \n        Allegheny Clinic","\n        Allegheny Clinic","Business Forecasting Analyst B","Pittsburgh, PA","16 days ago",""
"\n    \n        Willis Towers Watson","\n        Willis Towers Watson","Business Analyst - Health and Welfare","Pittsburgh, PA","30+ days ago",""
"\n    Burgeon IT services","","Data Modeler","Pittsburgh, PA 15122","30+ days ago",""
"\n    \n        Highmark Inc","\n        Highmark Inc","Senior Decision Support Analyst (Data Management & Delivery)","Pittsburgh, PA 15222 (Strip District area)","Highmark Health ",""
"","","Product Development Specialist, Underwriting / Property / Ca...","","Sponsored by Actuary.com",""
"\n    Testa Consulting Services, Inc.","","Sr. Data Analyst","Pittsburgh, PA 15222 (Strip District area)","30+ days ago",""
"\n    \n        Allegheny Health Network (Corporate)","\n        Allegheny Health Network (Corporate)","Business Analyst- Call Center- Full Time","Pittsburgh, PA","17 days ago",""
"\n    \n        Highmark Health","\n        Highmark Health","Internal Audit Analyst","Pittsburgh, PA","30+ days ago",""
"\n    \n        PNC Bank","\n        PNC Bank","Business Analyst-IT","Pittsburgh, PA","4 days ago",""
"\n    \n        UPMC","\n        UPMC","Senior Compensation Analyst","Pittsburgh, PA 15219 (Middle Hill area)","3 days ago",""
"\n    \n        Highmark Inc","\n        Highmark Inc","Lead Business Analyst","Pittsburgh, PA 15222 (Strip District area)","Highmark Health ",""
"\n    \n        EQT Corporation","\n        EQT Corporation","Systems Programming Analyst","Pittsburgh, PA 15202","30+ days ago",""
"\n    \n        BNY Mellon","\n        BNY Mellon","Senior Specialist Infrastructure Operations Analyst","Pittsburgh, PA","1 day ago",""
"\n    Sonsoft Inc","","QA Analyst","Pittsburgh, PA","30+ days ago",""
"\n    \n        Giant Eagle, Inc.","\n        Giant Eagle, Inc.","Analyst, Pricing/Promotion","Pittsburgh, PA","26 days ago",""
"\n    \n        UPMC","\n        UPMC","Systems Analyst - Senior","Pittsburgh, PA 15213 (North Oakland area)","3 days ago",""
"\n    \n        Giant Eagle, Inc.","\n        Giant Eagle, Inc.","Analyst, Pricing/Promotion","Pittsburgh, PA","26 days ago",""
"\n    \n        Highmark Health","\n        Highmark Health","Senior Decision Support Analyst (Analytic Solutions)","Pittsburgh, PA","3 days ago",""
"\n    \n        84 Lumber Company","\n        84 Lumber Company","Business/Financial Analyst","Eighty Four, PA","10 days ago",""
"\n    \n        UPMC","\n        UPMC","CRP Comp & Priv Analyst Assoc","Pittsburgh, PA 15219 (Middle Hill area)","10 days ago",""
"\n    \n        ALCOA","\n        ALCOA","Sr. Business Analyst","Pittsburgh, PA","30+ days ago",""
"\n    \n        PNC Bank","\n        PNC Bank","Quality Analyst Lead","Pittsburgh, PA","2 days ago",""
"\n    \n        SDLC Partners","\n        SDLC Partners","Business Analyst","Pittsburgh, PA 15222 (Strip District area)","30+ days ago",""
"\n    Consulting Professional Resources, Inc.","","FTP Analyst","Pittsburgh, PA 15229","Pittsburgh Career Connector ",""
"\n    \n        Eliassen Group","\n        Eliassen Group","Business Analyst","Pittsburgh, PA","4 days ago",""
"\n    \n        Murtech Consulting","\n        Murtech Consulting","PL/SQL Developer","Pittsburgh, PA","5 days ago",""
"\n    \n        PNC Bank","\n        PNC Bank","Quantitative Analytics & Model Development Analyst Sr","Pittsburgh, PA","25 days ago",""
"\n    \n        Gateway Health Plan","\n        Gateway Health Plan","Business Continuity Analyst","Pittsburgh, PA","Highmark Health ",""
"\n    \n        UPMC","\n        UPMC","Systems Analyst - Expert","Pittsburgh, PA 15219 (Middle Hill area)","30+ days ago",""
"\n    \n        Wesco International","\n        Wesco International","User Experience Analyst","Pittsburgh, PA","17 days ago",""
"\n    \n        UPMC","\n        UPMC","CRP Comp & Priv Analyst Assoc","Pittsburgh, PA 15219 (Middle Hill area)","10 days ago",""
"\n    \n        UPMC","\n        UPMC","Systems Analyst - Senior","Pittsburgh, PA 15213 (North Oakland area)","3 days ago",""
"\n    \n        Highmark Health","\n        Highmark Health","Senior Decision Support Analyst (Analytic Solutions)","Pittsburgh, PA","3 days ago",""
"\n    \n        BNY Mellon","\n        BNY Mellon","Senior Business Analyst","Pittsburgh, PA","30+ days ago",""
"\n    Software Specialists","","PL/SQL Developer","Pittsburgh, PA","3 days ago",""
"\n    \n        PNC Bank","\n        PNC Bank","Quality Analyst Lead","Pittsburgh, PA","2 days ago",""
"\n    ShipMatrix, Inc.","","SQL Report Developer (North Pittsburgh)","Pittsburgh, PA","30+ days ago",""
"\n    \n        UPMC","\n        UPMC","Director of Analytics, HealthPlaNET","Pittsburgh, PA 15219 (Middle Hill area)","25 days ago",""
"\n    Federated Investors, Inc.","","INTERMEDIATE APPLICATIONS SYSTEMS ANALYST/ PROGRAMMER","Warrendale, PA","Pittsburgh Career Connector ",""
"\n    \n        GENCO","\n        GENCO","Senior Analyst, Strategy","Township of Cranberry, PA","4 days ago",""
"\n    \n        Premier Medical Associates","\n        Premier Medical Associates","Financial Analyst","Monroeville, PA","4 days ago",""
"\n    Consulting Professional Resources","","SQL Developer - Pittsburgh","Pittsburgh, PA 15229","11 days ago",""
"\n    \n        Modis","\n        Modis","Business Analyst Job in Pittsburgh, PA","Pittsburgh, PA 15258 (Central Business District area)","Modis USA ",""
"\n    \n        Principle Solutions Group","\n        Principle Solutions Group","Business Analyst","Pittsburgh, PA","26 days ago","$40 a day"
"\n    \n        Gateway Health Plan","\n        Gateway Health Plan","Senior Decision Support Analyst (Decision Support & Analytic...","Pittsburgh, PA","Highmark Health ",""
"\n    \n        BNY Mellon","\n        BNY Mellon","Senior IS Strategy & Implementation Analyst","Pittsburgh, PA","30+ days ago",""
"\n    \n        Black Box Network Services","\n        Black Box Network Services","Business Process Engineer","Lawrence, PA","23 days ago",""
"\n    SECTOR Group","","Risk Analyst in Railway Industry - MTL11 RAMS engineer USA","Pittsburgh, PA","Society for Risk Analysis ",""
"\n    \n        Highmark Health","\n        Highmark Health","Senior Decision Support Analyst (Consumer Analytics)","Pittsburgh, PA","30+ days ago",""
"\n    \n        Dick's Sporting Goods","\n        Dick's Sporting Goods","Senior eCommerce Analyst-Attribution","Pittsburgh, PA","29 days ago",""
"\n    \n        Dick's Sporting Goods","\n        Dick's Sporting Goods","Compensation Analyst","Pittsburgh, PA","29 days ago",""
"\n    \n        System One","\n        System One","IT-Product Data Management Systems Analyst","Pittsburgh, PA","6 days ago",""
"\n    ConsultUSA","","Business Analyst","Pittsburgh, PA 15238","2 days ago",""
"\n    Future Technology Staffing","","Business Systems Analyst, Equity Services","Pittsburgh, PA","25 days ago","$90,000 a year"
"\n    ShipMatrix, Inc.","","SQL Server Developer (N. Pittsburgh)","Pittsburgh, PA","30+ days ago",""
"\n    Duolingo","","Data Analyst","Pittsburgh, PA","30+ days ago",""
"\n    \n        Highmark Inc","\n        Highmark Inc","Senior Product Analyst","Pittsburgh, PA 15222 (Strip District area)","Highmark Health ",""
"\n    \n        Matthews International","\n        Matthews International","Sr. Salesforce Analyst","Pittsburgh, PA","12 days ago",""
"\n    STAFFusion","","Business Analyst","Pittsburgh, PA","28 days ago",""
"\n    \n        Merkle Inc.","\n        Merkle Inc.","Manager, Digital Media Analytics","Pittsburgh, PA 15220","3 days ago",""
"\n    CEI America","","Systems Analyst","Pittsburgh, PA","30+ days ago",""
"\n    Alcoa Corp.","","Benefits Analyst","Pittsburgh, PA","17 days ago",""
"\n    Pinnacle Accounting and Finance, LLC","","Sr. External Reporting Analyst","Pittsburgh, PA 15220","9 days ago",""
"\n    \n        Dick's Sporting Goods","\n        Dick's Sporting Goods","Performance Marketing Analyst","Pittsburgh, PA","30+ days ago",""
"\n    OpSolve, LLC","","Senior Developer/Analyst","Pittsburgh, PA","27 days ago",""
"\n    \n        Highmark Inc","\n        Highmark Inc","Sr Business Analyst","Pittsburgh, PA 15222 (Strip District area)","Highmark Health ",""
"\n    \n        EQT Corporation","\n        EQT Corporation","Lead Systems Analyst (Mobility)","Pittsburgh, PA 15202","30+ days ago",""
"\n    Software Engineering Institute","","Cyber Incident Analyst - 2005032","Pittsburgh, PA 15213 (North Oakland area)","7 days ago",""
"\n    \n        Allegheny Clinic","\n        Allegheny Clinic","Business Analyst- Physician Organization Quality","Pittsburgh, PA","30+ days ago",""
"\n    \n        iSymmetry","\n        iSymmetry","Business Analyst/Tableau Specialist","Pittsburgh, PA","6 days ago",""
"\n    \n        PNC Bank","\n        PNC Bank","Business Analysis Manager-IT","Pittsburgh, PA","3 days ago",""
"\n    \n        Management Science Associates Inc.","\n        Management Science Associates Inc.","Software Developer II","Pittsburgh, PA 15206 (Larimer area)","15 days ago",""
"\n    \n        Thermo Fisher Scientific","\n        Thermo Fisher Scientific","Sr. Financial Analyst","Pittsburgh, PA 15202","1 day ago",""
"\n    \n        S&P Global Platts","\n        S&P Global Platts","ENERGY ANALYST","Pittsburgh, PA 15202","McGraw Hill Financial ",""
"\n    \n        S&P Global","\n        S&P Global","ENERGY ANALYST","Pittsburgh, PA","30+ days ago",""
"\n    \n        Gateway Health Plan","\n        Gateway Health Plan","Senior Decision Support Analyst (Risk Analytics)","Pittsburgh, PA","Highmark Health ",""
"\n    Provider PPI LLC","","Sr Quality Assurance Analyst - RN","Allegheny Center, PA","Highmark Health ",""
"\n    Consulting Professional Resources","","Portfolio Business Analyst (Healthcare)","Pittsburgh, PA 15229","25 days ago",""
"\n    \n        Mastech Digital","\n        Mastech Digital","Business Analyst/Data Analyst","Pittsburgh, PA","30+ days ago",""
"\n    \n        McKesson","\n        McKesson","Vendor Management Organization (VMO) Analyst","Township of Moon, PA","30+ days ago",""
"\n    comtecinfo","","Need a Powerbuilder developer","Pittsburgh, PA","2 days ago",""
"\n    \n        GNC - General Nutrition Centers","\n        GNC - General Nutrition Centers","Senior Analyst - Risk & Insurance","Pittsburgh, PA","GNC ",""
"\n    \n        Hewlett Packard Enterprise","\n        Hewlett Packard Enterprise","Sr. Business Analyst - Healthcare","Pittsburgh, PA","30+ days ago",""
"\n    \n        SDLC Partners","\n        SDLC Partners","Business Process Analyst","Pittsburgh, PA 15222 (Strip District area)","30+ days ago",""
"","","Senior Compensation Analyst","Pittsburgh, PA","WorldatWork ",""
"\n    \n        Duquesne Light","\n        Duquesne Light","Senior Financial Analyst","Pittsburgh, PA","3 days ago",""
"\n    \n        Highmark Inc","\n        Highmark Inc","Senior Decision Support Analyst - (SAS Programmer)","Pittsburgh, PA 15222 (Strip District area)","Highmark Health ",""
"\n    \n        Emerson","\n        Emerson","Senior Financial Analyst","Pittsburgh, PA","4 days ago",""
"\n    \n        SDLC Partners","\n        SDLC Partners","Business Process Analyst","Pittsburgh, PA 15222 (Strip District area)","30+ days ago",""
"\n    Consulting Professional Resources","","Portfolio Business Analyst (Healthcare)","Pittsburgh, PA 15229","25 days ago",""
"\n    \n        Dick's Sporting Goods","\n        Dick's Sporting Goods","Senior Systems Analyst- Product Development (FLEX)","Pittsburgh, PA","30+ days ago",""
"\n    \n        BNY Mellon","\n        BNY Mellon","Mainframe -Sr.Spec Infrastrct Ops A'lyst","Pittsburgh, PA","10 days ago",""
"\n    \n        Mastech Digital","\n        Mastech Digital","Business Analyst/Data Analyst","Pittsburgh, PA","30+ days ago",""
"\n    \n        Gateway Health Plan","\n        Gateway Health Plan","Decision Support Analyst (HEDIS & Quality Analytics)","Pittsburgh, PA","Highmark Health ",""
"\n    \n        McKesson","\n        McKesson","Vendor Management Organization (VMO) Analyst","Township of Moon, PA","30+ days ago",""
"\n    Syndicus, Inc","","IT- Product Data Management Systems Analyst","Pittsburgh, PA","30+ days ago",""
"\n    \n        MedExpress","\n        MedExpress","Financial Analyst I","Canonsburg, PA 15317","29 days ago",""
"\n    \n        Duquesne Light","\n        Duquesne Light","Senior Financial Analyst","Pittsburgh, PA","3 days ago",""
"\n    Digital Technology Solution","","Specialist User Experience Analyst in Pittsburgh, PA","Pittsburgh, PA","30+ days ago",""
"\n    \n        Emerson","\n        Emerson","Senior Financial Analyst","Pittsburgh, PA","4 days ago",""
"\n    ITPI Staffing Solutions","","WebFocus Business Intelligence (BI) Analyst","Canonsburg, PA 15317","18 days ago",""
"\n    \n        BNY Mellon","\n        BNY Mellon","Mainframe -Sr.Spec Infrastrct Ops A'lyst","Pittsburgh, PA","10 days ago",""
"\n    \n        BNY Mellon","\n        BNY Mellon","Principal Database Analyst - Open Source","Pittsburgh, PA","23 days ago",""
"\n    Naval Nuclear Laboratory","","Systems Analyst","West Mifflin, PA 15122","30+ days ago",""
"\n    \n        Uber Technologies","\n        Uber Technologies","Data Scientist","Pittsburgh, PA","30+ days ago",""
"\n    \n        Management Science Associates Inc.","\n        Management Science Associates Inc.","Software Engineer I","Pittsburgh, PA 15206 (Larimer area)","10 days ago",""
"\n    \n        Management Science Associates Inc.","\n        Management Science Associates Inc.","Quality Assurance Analyst II (Automation)","Pittsburgh, PA 15206 (Larimer area)","22 days ago",""
"\n    \n        GNC - General Nutrition Centers","\n        GNC - General Nutrition Centers","Senior Business Analyst - Marketing Systems","Pittsburgh, PA","GNC ",""
"\n    \n        Axius Technologies","\n        Axius Technologies","Data Modeler","Pittsburgh, PA","30+ days ago",""
"\n    \n        BNY Mellon","\n        BNY Mellon","Lead Information Security Analyst - Cyber Security Risk Asse...","Pittsburgh, PA","8 days ago",""
"\n    \n        MedHOK","\n        MedHOK","Operations Director Healthcare Software","Pittsburgh, PA","10 days ago",""
"\n    \n        BNY Mellon","\n        BNY Mellon","Senior Specialist Database Analyst - IMS/DB2","Pittsburgh, PA","18 days ago",""
"\n    \n        McKesson","\n        McKesson","Configuration Engineer","Township of Moon, PA","4 days ago",""
"\n    Naval Nuclear Laboratory","","Systems Analyst","West Mifflin, PA 15122","30+ days ago",""
"\n    MurTech- Gentech Consulting","","Sr. Financial Analysts","Pittsburgh, PA","30+ days ago","$75,000 a year"
"\n    \n        PNC Bank","\n        PNC Bank","Detection & Investigation Analyst Lead","Pittsburgh, PA","20 days ago",""
"\n    HM Health Solutions Inc.","","Team Manager, IT","Pittsburgh, PA","Highmark Health ",""
"\n    \n        CVS Health","\n        CVS Health","Quality Assurance Analyst - Senior","Monroeville, PA","30+ days ago",""
"\n    \n        Modis","\n        Modis","Technical Analyst Job in Pittsburgh, PA","Pittsburgh, PA 15258 (Central Business District area)","Modis USA ",""
"\n    \n        Highmark Health","\n        Highmark Health","Lead Business Technical Analyst- Archer","Pittsburgh, PA","30+ days ago",""
"\n    \n        Highmark Health","\n        Highmark Health","Lead Business Technical Analyst","Pittsburgh, PA","30+ days ago",""
"\n    \n        Joy Global Inc.","\n        Joy Global Inc.","Network Optimization Analyst","Houston, PA","2 days ago",""
"\n    ITPI Staffing Solutions","","WebFocus Business Intelligence (BI) Analyst","Canonsburg, PA 15317","18 days ago",""
"\n    Naval Nuclear Laboratory","","Experienced Project Analyst","West Mifflin, PA 15122","30+ days ago",""
"\n    \n        Fedex Ground","\n        Fedex Ground","Financial Analyst I - III","Township of Moon, PA","30+ days ago",""
"\n    \n        Dick's Sporting Goods","\n        Dick's Sporting Goods","Senior Systems Analyst- PeopleSoft","Pittsburgh, PA","30+ days ago",""
"\n    \n        Wesco International","\n        Wesco International","Senior Content and Social Marketing Specialist","Pittsburgh, PA","1 day ago",""
"\n    \n        Highmark Inc","\n        Highmark Inc","Sr Decision Support Analyst","Pittsburgh, PA 15222 (Strip District area)","Highmark Health ",""
"\n    \n        Uber Technologies","\n        Uber Technologies","Data Scientist","Pittsburgh, PA","30+ days ago",""
"\n    \n        Highmark Inc","\n        Highmark Inc","Senior Decision Support Analyst (SAS/Report Development)","Pittsburgh, PA 15222 (Strip District area)","Highmark Health ",""
"\n    \n        Oxford Solutions","\n        Oxford Solutions","Quality Assurance Analyst","Pittsburgh, PA 15237","12 days ago",""
"\n    \n        Deloitte","\n        Deloitte","Strategic Analytics Senior Consultant","Pittsburgh, PA","30+ days ago",""
"\n    \n        UPMC","\n        UPMC","Software Engineer - Inter","Pittsburgh, PA 15222 (Strip District area)","24 days ago",""
"\n    \n        Heritage Valley Health System","\n        Heritage Valley Health System","Senior Clinical Systems Analyst","Aliquippa, PA 15001","4 days ago",""
"\n    \n        Oxford Solutions","\n        Oxford Solutions","Business Intelligence Analyst","Pittsburgh, PA 15237","30+ days ago",""
"\n    \n        PNC Bank","\n        PNC Bank","Quality Analyst Sr","Pittsburgh, PA","30+ days ago",""
"\n    \n        KeyLogic Systems","\n        KeyLogic Systems","Energy Life Cycle Analysts","Pittsburgh, PA","30+ days ago",""
"\n    \n        Gateway Health Plan","\n        Gateway Health Plan","Sr. Business Analyst","Pittsburgh, PA","Highmark Health ",""
"\n    \n        Highmark Health","\n        Highmark Health","Lead Business Technical Analyst - Workday Payroll","Pittsburgh, PA","30+ days ago",""
"\n    \n        Mastech Digital","\n        Mastech Digital","PC SAS Analyst-Developer","Pittsburgh, PA","25 days ago",""
"\n    \n        BNY Mellon","\n        BNY Mellon","Sr. Risk Business Analyst","Pittsburgh, PA","30+ days ago",""
"\n    HM Health Solutions Inc.","","Team Manager","Pittsburgh, PA","Highmark Health ",""
"\n    \n        American Eagle Outfitters","\n        American Eagle Outfitters","IT Security Senior Analyst - Incident Response","Warrendale, PA","6 days ago",""
"\n    \n        BNY Mellon","\n        BNY Mellon","Sr. Business Analyst (SQL, Oracle)","Pittsburgh, PA","30+ days ago",""
"\n    \n        UPMC","\n        UPMC","Health Services Researcher","Pittsburgh, PA 15219 (Middle Hill area)","30+ days ago",""
"\n    \n        Highmark Health","\n        Highmark Health","Senior Decision Support Analyst- (Clinical Analytics)","Pittsburgh, PA","30+ days ago",""
"\n    \n        Connection","\n        Connection","QA Engineer","Canonsburg, PA 15317","PC Connection ",""
"\n    \n        General Dynamics Mission Systems","\n        General Dynamics Mission Systems","Java Software Engineer","Pittsburgh, PA","19 days ago",""
"\n    \n        CVS Health","\n        CVS Health","Database Administrator - Senior Analyst, A/R Specialty","Monroeville, PA","10 days ago",""
"\n    \n        BNY Mellon","\n        BNY Mellon","Sr. Technology Regulatory Analyst","Pittsburgh, PA","29 days ago",""
"\n    Synergy Consulting Group, Inc.","","Oracle DBA Consultant","Pittsburgh, PA","25 days ago","$98,000 a year"
"\n    \n        Highmark Health","\n        Highmark Health","Senior Big Data Engineer","Pittsburgh, PA","30+ days ago",""
"\n    Aires","","Global Freight Rates Manager","Pittsburgh, PA 15276","25 days ago",""
"\n    \n        BNY Mellon","\n        BNY Mellon","Basel III Reporting Analyst - Financial Controller I","Pittsburgh, PA","30+ days ago",""
"\n    \n        Wesco International","\n        Wesco International","Financial Analyst","Pittsburgh, PA","30+ days ago",""
"\n    \n        Connection","\n        Connection","QA Engineer","Canonsburg, PA 15317","PC Connection ",""
"\n    \n        Oxford Solutions","\n        Oxford Solutions","Risk Analyst","Pittsburgh, PA 15237","24 days ago",""
"\n    \n        CVS Health","\n        CVS Health","Database Administrator - Senior Analyst, A/R Specialty","Monroeville, PA","10 days ago",""
"\n    \n        TARGET","\n        TARGET","Lead Data Scientist - Pittsburgh","Pittsburgh, PA","Target Corporation ",""
"\n    \n        Highmark Health","\n        Highmark Health","Senior Big Data Engineer","Pittsburgh, PA","30+ days ago",""
"\n    Aires","","Global Freight Rates Manager","Pittsburgh, PA 15276","25 days ago",""
"\n    \n        BNY Mellon","\n        BNY Mellon","Basel III Reporting Analyst - Financial Controller I","Pittsburgh, PA","30+ days ago",""
"\n    \n        General Dynamics Mission Systems","\n        General Dynamics Mission Systems","Java Software Engineer","Pittsburgh, PA","19 days ago",""
"\n    \n        BNY Mellon","\n        BNY Mellon","Sr. Technology Regulatory Analyst","Pittsburgh, PA","29 days ago",""
"\n    \n        Highmark Health","\n        Highmark Health","Senior Integrity & Compliance Analyst","Pittsburgh, PA","30 days ago",""
"\n    \n        Oxford Solutions","\n        Oxford Solutions","Business Analyst III","Pittsburgh, PA 15237","24 days ago",""
"\n    TeleTracking","","Software Engineer I (EG)","Pittsburgh, PA","30+ days ago",""
"\n    \n        BNY Mellon","\n        BNY Mellon","Sr Quantitative Rate Risk Analyst (QRM)","Pittsburgh, PA","30+ days ago",""
"\n    \n        Apex Systems Inc","\n        Apex Systems Inc","Vulnerability Analyst","Pittsburgh, PA","30+ days ago",""
"\n    Naval Nuclear Laboratory","","Senior Project Analyst","West Mifflin, PA 15122","30+ days ago",""
"\n    \n        Management Science Associates Inc.","\n        Management Science Associates Inc.","Quality Assurance Analyst II","Pittsburgh, PA 15206 (Larimer area)","30+ days ago",""
"\n    Consulting Professional Resources","","Data Analysis / Mapping (Fiserv)","Pittsburgh, PA 15229","30+ days ago",""
"\n    \n        General Dynamics Mission Systems","\n        General Dynamics Mission Systems","Software Systems Engineer","Pittsburgh, PA","30+ days ago",""
"\n    \n        BNY Mellon","\n        BNY Mellon","Business Analyst II (Risk Reporting, non-IT)","Pittsburgh, PA","18 days ago",""
"\n    \n        BNY Mellon","\n        BNY Mellon","Sr. Specialist Software Configuration Analyst","Pittsburgh, PA","22 days ago",""
"\n    \n        UPMC","\n        UPMC","Payroll Analyst, Senior","Pittsburgh, PA 15219 (Middle Hill area)","3 days ago",""
"\n    \n        Oxford Solutions","\n        Oxford Solutions","Business Analyst III","Pittsburgh, PA 15237","24 days ago",""
"\n    \n        Mylan","\n        Mylan","Senior Financial Analyst, Global Operations","Canonsburg, PA 15317","30+ days ago",""
"\n    \n        Dollar Bank","\n        Dollar Bank","Cybersecurity Analyst","Pittsburgh, PA","30+ days ago",""
"\n    \n        Highmark Health","\n        Highmark Health","Senior Decision Support Analyst","Pittsburgh, PA","30+ days ago",""
"\n    \n        BNY Mellon","\n        BNY Mellon","Principal Accounting Analyst - SEC Reporting","Pittsburgh, PA","30+ days ago",""
"\n    \n        Wesco International","\n        Wesco International","Senior LEAN Facilitator","Pittsburgh, PA","30+ days ago",""
"\n    \n        UPMC","\n        UPMC","International Senior Strategy Analyst","Pittsburgh, PA 15219 (Middle Hill area)","30+ days ago",""
"\n    \n        SDLC Partners","\n        SDLC Partners","Quality Assurance Analyst (Manual)","Pittsburgh, PA 15222 (Strip District area)","30+ days ago",""
"\n    \n        Apex Systems Inc","\n        Apex Systems Inc","Vulnerability Analyst","Pittsburgh, PA","30+ days ago",""
"\n    \n        Wesco International","\n        Wesco International","Senior LEAN Facilitator","Pittsburgh, PA","30+ days ago",""
"\n    Development Dimensions International (DDI)","","Data Insight Analyst","Bridgeville, PA 15017","Monster ",""
"\n    \n        Duquesne Light","\n        Duquesne Light","Senior Systems Analyst II","Pittsburgh, PA","30+ days ago",""
"\n    \n        SDLC Partners","\n        SDLC Partners","Software Quality Assurance Automation Tester - Consultant","Pittsburgh, PA 15222 (Strip District area)","30+ days ago",""
"\n    \n        BNY Mellon","\n        BNY Mellon","Principal Information Security Analyst - Incident Response","Pittsburgh, PA","10 days ago",""
"\n    \n        Mylan","\n        Mylan","Senior Financial Analyst, Global Operations","Canonsburg, PA 15317","30+ days ago",""
"\n    \n        Staffmark","\n        Staffmark","QA Analyst III","Pittsburgh, PA 15222 (Strip District area)","23 days ago",""
"\n    HM Health Solutions Inc.","","Senior IT Systems Analyst – Healthcare Claims","Pittsburgh, PA","Highmark Health ",""
"\n    \n        General Dynamics Mission Systems","\n        General Dynamics Mission Systems","Entry Level Software Engineer","Pittsburgh, PA","30+ days ago",""
"\n    \n        Wesco International","\n        Wesco International","ECommerce Software Developer","Pittsburgh, PA","30+ days ago",""
"\n    \n        General Dynamics Mission Systems","\n        General Dynamics Mission Systems","Entry Level Software Engineer","Pittsburgh, PA","30+ days ago",""
"\n    Zap Solutions","",".Net developer","Pittsburgh, PA","17 days ago",""
"\n    \n        Staffmark","\n        Staffmark","QA Analyst III","Pittsburgh, PA 15222 (Strip District area)","23 days ago",""
"\n    \n        Allegheny Clinic","\n        Allegheny Clinic","Sr. Developer","Pittsburgh, PA","13 days ago",""
"\n    Recruiting Resources Co.","","Product Data Management Systems Analysts","Pittsburgh, PA","13 days ago",""
"\n    \n        UPMC","\n        UPMC","Research Manager III","Pittsburgh, PA 15213 (North Oakland area)","30+ days ago",""
"\n    Software Engineering Institute","","Software Security Analyst - 2004717","Pittsburgh, PA 15213 (North Oakland area)","30+ days ago",""
"\n    \n        GNC - General Nutrition Centers","\n        GNC - General Nutrition Centers","Senior Analyst - Information Security","Pittsburgh, PA","GNC ",""
"\n    Future Technology Staffing","","Business Systems Analyst, Investment Management Operations","Pittsburgh, PA","25 days ago","$90,000 a year"
"\n    \n        Highmark Health","\n        Highmark Health","Lead Decision Support Analyst (Consumer Analytics)","Pittsburgh, PA","26 days ago",""
"\n    \n        Mastech Digital","\n        Mastech Digital","IT-Project/Business/Operations Analyst","Pittsburgh, PA","30 days ago",""
"\n    \n        Highmark Inc","\n        Highmark Inc","Sr Decision Support Analyst (Quality Analytics)","Pittsburgh, PA 15222 (Strip District area)","Highmark Health ",""
"\n    Software Engineering Institute","","Software Security Analyst - 2004717","Pittsburgh, PA 15213 (North Oakland area)","30+ days ago",""
"\n    Computer Enterprises, Inc. (CEI)","","Technical Systems Analyst","Pittsburgh, PA","30+ days ago",""
"\n    \n        MedExpress","\n        MedExpress","Information Security Analyst","Canonsburg, PA 15317","30+ days ago",""
"\n    \n        Dick's Sporting Goods","\n        Dick's Sporting Goods","Manager of Marketing Analytics - Digital and Testing","Pittsburgh, PA","30+ days ago",""
"\n    \n        Engage Partners","\n        Engage Partners","Security Analyst","Pittsburgh, PA","2 days ago",""
"\n    \n        BNY Mellon","\n        BNY Mellon","Principal Appl Support Analyst - Java Developer","Pittsburgh, PA","30+ days ago",""
"\n    Pinnacle Accounting and Finance, LLC","","Senior Financial Analyst","Pittsburgh, PA 15220","13 days ago",""
"\n    Zap Solutions","",".Net developer","Pittsburgh, PA","17 days ago",""
"\n    \n        Highmark Health","\n        Highmark Health","Lead Decision Support Analyst (Consumer Analytics)","Pittsburgh, PA","26 days ago",""
"\n    ITPI Staffing Solutions","","PL/SQL DEVELOPER","Pittsburgh, PA 15222 (Strip District area)","30+ days ago",""
"\n    \n        Eaton","\n        Eaton","QlikView Support Lead Analyst","Township of Moon, PA","30+ days ago",""
"\n    \n        Allegheny Clinic","\n        Allegheny Clinic","Sr. Developer","Pittsburgh, PA","13 days ago",""
"\n    \n        IntePros Consulting","\n        IntePros Consulting","Business Analyst III (Non-IT)","Pittsburgh, PA","24 days ago",""
"\n    \n        GNC - General Nutrition Centers","\n        GNC - General Nutrition Centers","Senior Analyst - Information Security","Pittsburgh, PA","GNC ",""
"\n    TekPartners, A P2P Staffing Company","","Senior Business Analyst (Reporting / BI)","New Kensington, PA","TekPartners ",""
"\n    \n        BNY Mellon","\n        BNY Mellon","Specialist Information Security Analyst - Cyber Threat Intel...","Pittsburgh, PA","30+ days ago",""
"\n    Synergy Staffing","","Support Analyst – IT eCommerce","Pittsburgh, PA 15220","19 days ago",""
"\n    \n        Highmark Health","\n        Highmark Health","Manager Benefits, Absence, Time & Pay Systems","Pittsburgh, PA","30+ days ago",""
"\n    \n        Highmark Health","\n        Highmark Health","Mgr Benefits, Absence, Time & Pay Systems","Pittsburgh, PA","30+ days ago",""
"\n    ITPI Staffing Solutions","","PL/SQL DEVELOPER","Pittsburgh, PA 15222 (Strip District area)","30+ days ago",""
"\n    \n        Dick's Sporting Goods","\n        Dick's Sporting Goods","Manager of Marketing Analytics - Campaigns","Pittsburgh, PA","30+ days ago",""
"\n    Synergy Staffing","","Support Analyst – IT eCommerce","Pittsburgh, PA 15220","19 days ago",""
"\n    \n        EQT Corporation","\n        EQT Corporation","Senior Security Analyst/ Lead","Pittsburgh, PA 15202","8 days ago",""
"\n    TekPartners, A P2P Staffing Company","","Senior Business Analyst (Reporting / BI)","New Kensington, PA","TekPartners ",""
"\n    \n        Highmark Health","\n        Highmark Health","IT Audit Analyst-1","Pittsburgh, PA","30+ days ago",""
"\n    \n        BNY Mellon","\n        BNY Mellon","Senior Specialist Information Security Analyst- Application...","Pittsburgh, PA","11 days ago",""
"\n    \n        Highmark Health","\n        Highmark Health","Lead Decision Support Analyst - (Clinical Analytics)","Pittsburgh, PA","30+ days ago",""
"\n    Consulting Professional Resources","","Associate QA Engineer","Pittsburgh, PA 15229","17 days ago",""
"\n    \n        Industrial Scientific","\n        Industrial Scientific","Manager, Business Applications","Pittsburgh, PA 15206 (Larimer area)","30+ days ago",""
"\n    \n        Highmark Health","\n        Highmark Health","IT Audit Analyst-1","Pittsburgh, PA","30+ days ago",""
"\n    \n        Highmark Health","\n        Highmark Health","Lead Decision Support Analyst - (Clinical Analytics)","Pittsburgh, PA","30+ days ago",""
"\n    Impact Consulting Solutions, Inc.","","Software Developer","Pittsburgh, PA 15222 (Strip District area)","30+ days ago",""
"\n    Consulting Professional Resources","","Senior Portfolio Business Analyst (Healthcare Supply Chain)","Pittsburgh, PA 15229","30+ days ago",""
"\n    iTech Solutions","","SAS 9.4 Platform Administrator","Clinton, PA 15026","30+ days ago","$100,000 - $125,000 a year"
"\n    \n        UPMC","\n        UPMC","Director, Medicare SNP Analytics","Pittsburgh, PA 15219 (Middle Hill area)","30+ days ago",""
"\n    \n        Axius Technologies","\n        Axius Technologies","Business Analyst - Eagle Pace","Pittsburgh, PA","30+ days ago",""
"\n    NCFTA - National Cyber-Forensics and Training Alli...","","Technical Cyber Intelligence Analyst","Pittsburgh, PA","Pittsburgh Career Connector ",""
"\n    \n        Mastech","\n        Mastech","Business Analyst/Data Analyst","Pittsburgh, PA 15222 (Strip District area)","Monster ",""
"\n    Software Engineering Institute","","Cyber Security Engineer - 2004923","Pittsburgh, PA 15213 (North Oakland area)","29 days ago",""
"\n    Visvero, Inc.","","Senior Software Developer- Pittsburgh, PA Posted on 08/01/20...","Pittsburgh, PA","30+ days ago",""
"\n    \n        EQT Corporation","\n        EQT Corporation","Senior Security Analyst/ Lead","Pittsburgh, PA 15202","8 days ago",""
"\n    \n        BNY Mellon","\n        BNY Mellon","Senior Specialist Information Security Analyst- Application...","Pittsburgh, PA","11 days ago",""
"\n    Pinnacle Accounting and Finance, LLC","","Cost Analyst","Pittsburgh, PA 15220","30+ days ago",""
"\n    \n        ALCOA","\n        ALCOA","Technical Analyst - Cyber Security","Pittsburgh, PA","30+ days ago",""
"\n    \n        BNY Mellon","\n        BNY Mellon","Principal IT Risk Analyst","Pittsburgh, PA","22 days ago",""
"\n    \n        Lincoln Learning Solutions","\n        Lincoln Learning Solutions","Quality Assurance Analyst","Rochester, PA 15074","Monster ",""
"\n    \n        BNY Mellon","\n        BNY Mellon","Spec'st Appl Support Analyst ( Java Development)","Pittsburgh, PA","8 days ago",""
"\n    \n        Stefanini","\n        Stefanini","Java- User Experience Analyst","Pittsburgh, PA 15219 (Middle Hill area)","Monster ",""
"\n    Software Engineering Institute","","Infrastructure Engineer - 2004591","Pittsburgh, PA 15213 (North Oakland area)","30+ days ago",""
"\n    \n        BNY Mellon","\n        BNY Mellon","Spec'st Bus.Analysis Cons't","Pittsburgh, PA","30+ days ago",""
"\n    \n        BNY Mellon","\n        BNY Mellon","ERI Sr. Project Manager","Pittsburgh, PA","30+ days ago",""
"\n    Pinnacle Accounting and Finance, LLC","","Cost Analyst","Pittsburgh, PA 15220","30+ days ago",""
"\n    \n        BNY Mellon","\n        BNY Mellon","Specialist Information Security Analyst - Identity and Acces...","Pittsburgh, PA","30+ days ago",""
"\n    \n        Mastech","\n        Mastech","Business Analyst/Data Analyst","Pittsburgh, PA 15222 (Strip District area)","Monster ",""
"\n    Software Engineering Institute","","Cyber Security Engineer - Penetration Tester - 2004519","Pittsburgh, PA 15213 (North Oakland area)","30+ days ago",""
"\n    HM Health Solutions Inc.","","Senior Information Security Analyst - DLP","Pittsburgh, PA","Highmark Health ",""
"\n    \n        Oxford Solutions","\n        Oxford Solutions","Computer Operations Analyst","Pittsburgh, PA 15237","30+ days ago",""
"\n    ITPI Staffing Solutions","","Google Analytics Engineer","Pittsburgh, PA 15203 (Southside Slopes area)","30+ days ago",""
"\n    HM Health Solutions Inc.","","Senior Information Security Analyst - DLP","Pittsburgh, PA","Highmark Health ",""
"\n    \n        Hiperos","\n        Hiperos","Software Product Manager","Pittsburgh, PA","4 days ago",""
"\n    \n        Philips","\n        Philips","Business analyst","Monroeville, PA","30+ days ago",""
"\n    HM Health Solutions Inc.","","Senior Application Developer- Direct Pay Technical Productio...","Pittsburgh, PA","Highmark Health ",""
"\n    \n        BNY Mellon","\n        BNY Mellon","Spec'st Bus.Analysis Cons't","Pittsburgh, PA","30+ days ago",""
"\n    \n        Crown Castle","\n        Crown Castle","Contract-to-Hire Software Engineer","Pittsburgh, PA","30+ days ago",""
"\n    Symphony","","Network Engineer/USC/GC","Warrendale, PA","6 days ago",""
"\n    \n        BNY Mellon","\n        BNY Mellon","AS Embedded Control Unit Manager I","Pittsburgh, PA","17 days ago",""
"\n    \n        BNY Mellon","\n        BNY Mellon","Specialist Information Security Analyst - Identity and Acces...","Pittsburgh, PA","30+ days ago",""
"\n    Logix Guru","","Technical Support / Security Administrator","Pittsburgh, PA","30+ days ago",""
"\n    \n        General Dynamics Mission Systems","\n        General Dynamics Mission Systems","Senior Software Engineer","Pittsburgh, PA","10 days ago",""
"\n    \n        BNY Mellon","\n        BNY Mellon","Recovery & Resolution Planning Sr. Analyst (Vice President)","Pittsburgh, PA","9 days ago",""
"\n    Logix Guru","","Technical Support / Security Administrator","Pittsburgh, PA","30+ days ago",""
"\n    Computer Enterprises, Inc. (CEI)","","Java Architect","Pittsburgh, PA 15205","4 days ago",""
"\n    ITPI Staffing Solutions","","Cognos Developer - Must be our W2 employee","Pittsburgh, PA 15222 (Strip District area)","4 days ago",""
"\n    Synergy Staffing","","Senior ETL Developer","Pittsburgh, PA 15220","30+ days ago",""
"\n    TekPartners, A P2P Staffing Company","","Software Engineer","Pittsburgh, PA","TekPartners ",""
"\n    \n        Philips","\n        Philips","Business analyst","Monroeville, PA","30+ days ago",""
"\n    \n        General Dynamics Mission Systems","\n        General Dynamics Mission Systems","Software Engineer Senior Staff","Pittsburgh, PA","30+ days ago",""
"\n    Synergy Staffing","","Technical Leader – Linux","Pittsburgh, PA 15220","30+ days ago",""
"\n    Solving IT","","Salesforce Business Analyst","Pittsburgh, PA","23 days ago",""
"\n    \n        Reed Smith LLP","\n        Reed Smith LLP","IT Security Analyst","Pittsburgh, PA 15222 (Strip District area)","Monster ",""
"\n    \n        First Tek, Inc.","\n        First Tek, Inc.","Sr. Business Analyst with T-SQL Exp.: Pittsburgh, PA : 11+ M...","Pittsburgh, PA 15201 (Central Lawrenceville area)","Dice ",""
"\n    API Systems, Inc","","Oracle EBS Lead","Pittsburgh, PA 15204 (Sheraden area)","Dice ",""
"\n    \n        BNY Mellon","\n        BNY Mellon","Sr. Specialist Software Configuration Analyst (DevOps, Autom...","Pittsburgh, PA","23 days ago",""
"\n    Engage Partners","","IT Security Engineer","Ross Township, PA","17 days ago",""
"\n    Computer Enterprises, Inc. (CEI)","","Java Architect","Pittsburgh, PA 15205","4 days ago",""
"\n    Software Engineering Institute","","Senior Information Security Architect - 2005028","Pittsburgh, PA 15213 (North Oakland area)","9 days ago",""
"\n    \n        BNY Mellon","\n        BNY Mellon","Recovery & Resolution Planning Sr. Analyst (Vice President)","Pittsburgh, PA","9 days ago",""
"\n    Keber Information Technology","","Network Engineer","Canonsburg, PA 15317","Monster ",""
"\n    \n        BNY Mellon","\n        BNY Mellon","Sr. Specialist Software Configuration Analyst (DevOps, Autom...","Pittsburgh, PA","23 days ago",""
"\n    Keber Information Technology","","Network Engineer","Canonsburg, PA 15317","Monster ",""
"\n    Levanture","","Quality Assurance Analyst II (Automation)","Pittsburgh, PA 15122","Dice ",""